provider,peak_offpeak_ratio,total_trip_starts,peak_trip_starts,offpeak_trip_starts,median_route_headway_minutes,mean_route_headway_minutes,total_unique_routes,trips_per_route,avg_trip_duration_minutes,median_trip_duration_minutes,first_service_hour,last_service_hour,busiest_hour_share,dominant_mode
MTA,0.5512401565018569,1092298,388153,704145,4.366068652236808,5.541959229776833,1708,639.5187353629976,50.27321069891183,45.0,0.0,28.8,0.06310457402650192,Bus
CTA,0.5211076021611749,319822,109566,210256,3.892361111111111,7.229702027655331,524,610.3473282442748,49.62273712669339,49.5,0.0,25.5,0.06525192138126833,Bus
MBTA,0.5115829891832598,1693567,573174,1120393,4.662162162162162,11.13602137080069,4419,383.2466621407558,30.701734632681593,28.0,0.0,29.716666666666665,0.05921112067015949,Bus
NJ Transit,0.6068266901563533,36483,13778,22705,20.526315789473685,26.338289227720306,279,130.76344086021504,55.59504061252273,50.0,0.5,29.166666666666668,0.06794945591097223,Bus
SEPTA,0.5123623967554604,561215,190130,371085,8.838028169014084,14.381602313942999,2178,257.6744719926538,40.981305886929846,39.0,0.1,27.898888888888887,0.0632609605944246,Bus
