city_id,total_departures,peak_departures,offpeak_departures,peak_share,avg_trip_duration_sec,avg_headway_sec,headway_cv,bunch_rate,wide_gap_rate,avg_stop_count
0,287348,101747,185601,0.354090,3192.536924,176.350106,2.261768,0.779045,0.017465,29.807669
1,94497,32351,62146,0.342349,3041.140999,176.366791,3.304652,0.801261,0.010335,61.783887
2,121507,41004,80503,0.337462,1852.694956,205.356220,3.740899,0.818901,0.041774,25.868559
3,36483,13778,22705,0.377655,3335.702437,820.190521,1.598967,0.392119,0.204297,49.889181
4,36397,12194,24203,0.335028,2437.023793,566.625000,1.344818,0.447031,0.125083,56.640327
